Sr.,ID,Page / area,Feature,What it is,How to use / test,Expected result,Where in the app,User (U),Taste (T),Signature (S),MasterChef (M),Admin (Ad),Artist (Ar),Sales rep (R),Staff helper (H),Customer (C),Platform,Needs switch,Notes,Status (Pass/Fail/Blocked/Not tested),Tested on (APK/Web + device),Tester,Date,Feedback / bug details,Severity (Critical/High/Medium/Low/Suggestion)
1,AUTH-01,1. Sign-in & app start,Splash screen,First screen while the app loads ('Preparing capture tools…'). Decides whether to show Login or go straight to Home.,"1. Kill the app.
2. Open it again.",Signed in → lands on Projects (Home). Signed out → lands on Login.,App launch,✅,✅,✅,✅,✅,✅,✅,✅,❌,APK · Web,,,,,,,,
2,AUTH-02,1. Sign-in & app start,Log in with phone number,Sign in with a mobile number. A one-time code is sent and typed on the next screen.,"1. Open the app signed out.
2. Choose Phone, enter a 10-digit number.
3. Tap Send OTP.",OTP screen opens showing 'Sent to <number>'. Too many tries shows 'Too many attempts — try again in Ns'.,Login screen → Phone tab,✅,✅,✅,✅,✅,✅,✅,✅,❌,APK · Web,,"Depends on the SMS provider being on. If SMS is not running, test with Email.",,,,,,
3,AUTH-03,1. Sign-in & app start,Log in with email,"Same as phone sign-in, but the code is sent by email.","1. Choose Email.
2. Enter an email address.
3. Tap Send OTP.",Code arrives by email; OTP screen opens.,Login screen → Email tab,✅,✅,✅,✅,✅,✅,✅,✅,❌,APK · Web,,,,,,,,
4,AUTH-04,1. Sign-in & app start,Enter / resend OTP,"Type the code to finish signing in. 'Resend code' unlocks after a countdown. A wrong code says 'Incorrect code, try again'.","1. Type a wrong code → Verify.
2. Type the right code → Verify.
3. Wait for the timer and tap Resend code.",Wrong code is refused with a message; right code opens Home. The code locks after 5 wrong guesses.,OTP screen,✅,✅,✅,✅,✅,✅,✅,✅,❌,APK · Web,,Dev/test builds show the code on screen in a 'FOR DEV ONLY' box. This must NOT be visible in a production build - please report it if you see it there.,,,,,,
5,AUTH-05,1. Sign-in & app start,Stay signed in,The session is remembered. Closing the app or the browser tab does not sign you out.,"1. Sign in.
2. Close the app for a few hours (or a day).
3. Reopen.","Still signed in, no OTP asked.",Whole app,✅,✅,✅,✅,✅,✅,✅,✅,❌,APK · Web,,,,,,,,
6,AUTH-06,1. Sign-in & app start,Protected pages,Pages that need an account cannot be opened signed out; pages for a role (Rep / Admin) cannot be opened without that role.,"1. Signed out, open a deep link such as /catalog on web.
2. As a plain User, try /rep/catalogs or /admin/standees.","Signed out → sent to Login. Wrong role → sent back to a normal page, never a broken screen.",Any deep link,✅,✅,✅,✅,✅,✅,✅,✅,❌,"Web (deep links), APK",,,,,,,,
7,HOME-01,2. Home page (Projects),Projects list,"Every project you created, newest first, with its status (Uploading…, Processing…, ready) and 'Updated <time ago>'.","1. Open Home.
2. Pull down to refresh.",Your projects appear as cards. A fresh account sees an empty state with a button to start the first capture.,Home,✅,✅,✅,✅,✅,✅,✅,✅,❌,APK · Web,,Loading text must not mention API names (it should read like 'Fetching your projects').,,,,,,
8,HOME-02,2. Home page (Projects),"Top bar: bell, Catalog, profile picture",Bell = notifications (with unread count). Catalog = your storefront. Avatar = your profile (shows your photo if you set one).,Tap each of the three icons.,Bell → Notifications; Catalog → Catalog page; Avatar → Profile.,Home → top right,✅,✅,✅,✅,✅,✅,✅,✅,❌,APK · Web,,,,,,,,
9,HOME-03,2. Home page (Projects),Create a project (+ button),"Starts a new project. First asks HOW you want to capture: Full Capture, Maya AI Capture, or (staff only) Upload photos.","1. Tap +.
2. Pick a capture mode → Continue.
3. Enter project name and object size → Create & Continue.","Dismissing the sheet goes nowhere. After Create, the capture checklist opens.",Home → red + button,✅,✅,✅,✅,✅,✅,✅,✅,❌,APK · Web,,'Upload photos' is shown only to Artist and Admin.,,,,,,
10,HOME-04,2. Home page (Projects),Project card actions,"Buttons change with the project's state: Resume (unfinished capture), Retry (failed upload), Generate 3D model, Models, View.",Use projects in different states and tap the button shown on each.,Each button opens the right screen; a project with a ready model shows 'Models' instead of 'Generate 3D model'.,Home → a project card,✅,✅,✅,✅,✅,✅,✅,✅,❌,APK · Web,,,,,,,,
11,HOME-05,2. Home page (Projects),Rename / delete a project,"Rename the project, or delete it.","1. Tap ⋮ on a card.
2. Rename, save.
3. Delete another project.",Name updates at once; deleted project disappears from the list.,Project card → ⋮ (Project options),✅,✅,✅,✅,✅,✅,✅,✅,❌,APK · Web,,,,,,,,
12,HOME-06,2. Home page (Projects),My projects / Live projects tabs,"Staff see two tabs: their own projects, and 'Live projects' - finished uploads from ALL users, for model work.",Sign in as Artist or Admin and switch tabs.,Normal users see no tabs. Live tab has no + button (read-only list).,Home → tabs at top,❌,❌,❌,❌,✅,✅,❌,❌,❌,APK · Web,,Details of the Live tab are in section ART (Model Artist / staff tools).,,,,,,
13,CAP-01,3. Inside a project: 3D capture flow,Full Capture (48 photos),"Highest quality. 48 photos in rings around the object (16/16/16 when the bottom can be shot, 24/24 when it cannot). The app takes shots automatically as you walk round.","1. + → Full Capture → create project.
2. Follow the levels A → B → C.","All rings complete, summary screen shows 48 photos.",+ → Full Capture,✅,✅,✅,✅,✅,✅,✅,✅,❌,APK (phone camera). Web: please verify,,,,,,,,
14,CAP-02,3. Inside a project: 3D capture flow,Maya AI Capture (6 photos),"Fast mode: one ring of 6 photos, about a minute. The 3D model starts building automatically after upload.","1. + → Maya AI Capture.
2. Take 6 photos in one circle.","Upload starts, then the model builds on its own without pressing Generate.",+ → Maya AI Capture,✅,✅,✅,✅,✅,✅,✅,✅,❌,APK. Web: please verify,,,,,,,,
15,CAP-03,3. Inside a project: 3D capture flow,Pre-capture checklist,"Tick each preparation item (light, clear background…) and answer 'Can you photograph the bottom?' - this picks the ring layout.","Try Start before ticking everything, then tick all.",Start stays disabled until every required item is ticked.,Before the camera opens,✅,✅,✅,✅,✅,✅,✅,✅,❌,APK · Web,,,,,,,,
16,CAP-04,3. Inside a project: 3D capture flow,Camera permission screen,Explains and asks for camera / motion permission. Handles 'denied' and 'denied forever' (opens phone settings).,"Deny the permission once, then allow it.","Clear explanation, a way to retry, and a link to settings when blocked.",Before the camera opens,✅,✅,✅,✅,✅,✅,✅,✅,❌,APK,,,,,,,,
17,CAP-05,3. Inside a project: 3D capture flow,"Level intros (A, B, C)","Before each ring a short screen explains the angle to hold (eye level, from above, from below).",Go through a Full Capture.,Each level shows its intro before the camera.,Between rings,✅,✅,✅,✅,✅,✅,✅,✅,❌,APK · Web,,,,,,,,
18,CAP-06,3. Inside a project: 3D capture flow,Live coaching / quality gate,"The app refuses blurry, too-dark or shaky photos and tells you to tilt up/down when the angle is wrong - as it happens.","Shake the phone, cover the lens, tilt far down while capturing.",Bad shots are rejected with a clear on-screen message; good ones are counted.,Camera screen,✅,✅,✅,✅,✅,✅,✅,✅,❌,APK,,,,,,,,
19,CAP-07,3. Inside a project: 3D capture flow,Review grid & retake,Grid of the photos just taken. Tap any one to retake it.,"Finish a ring, open a photo, retake it.",Only that one photo is replaced.,After each ring,✅,✅,✅,✅,✅,✅,✅,✅,❌,APK · Web,,,,,,,,
20,CAP-08,3. Inside a project: 3D capture flow,Cancel / resume a capture,Leaving mid-capture asks to confirm. The project keeps its progress and shows 'Resume' on Home.,"Leave halfway, go Home, tap Resume.",Capture continues from where you stopped.,Camera → back,✅,✅,✅,✅,✅,✅,✅,✅,❌,APK · Web,,,,,,,,
21,CAP-09,3. Inside a project: 3D capture flow,Capture summary,Totals per ring before upload; blocks upload if a ring is incomplete (Full mode offers remedies).,Finish a capture.,Summary shows counts; Upload button available when complete.,End of capture,✅,✅,✅,✅,✅,✅,✅,✅,❌,APK · Web,,,,,,,,
22,MODEL-01,"4. Inside a project: upload, 3D model, AR",Background upload,Photos upload while you use other apps. Losing signal pauses; signal back resumes.,"Start an upload, switch to another app, turn mobile data off and on.",Upload continues/resumes and completes without starting over.,Uploading screen,✅,✅,✅,✅,✅,✅,✅,✅,❌,APK (background). Web: tab must stay open,,,,,,,,
23,MODEL-02,"4. Inside a project: upload, 3D model, AR",Upload failed → retry,A failed upload explains why and offers Retry.,"Turn on airplane mode during upload, then turn it off and Retry.",Upload finishes after Retry.,Upload failed screen / card Retry,✅,✅,✅,✅,✅,✅,✅,✅,❌,APK · Web,,,,,,,,
24,MODEL-03,"4. Inside a project: upload, 3D model, AR",Generate 3D model,The server picks the best photos and starts building the model. A full screen explains what was decided and shows progress.,"On a finished capture, tap Generate 3D model.",Build screen shows progress; you can leave and come back. A refusal is explained in plain words.,Project card → Generate 3D model,✅,✅,✅,✅,✅,✅,✅,✅,❌,APK · Web,,Owners have a daily limit on generations.,,,,,,
25,MODEL-04,"4. Inside a project: upload, 3D model, AR",Model history (Models),"One project can have several models (first try, new versions, optimized copy). All are listed, not just the newest.",Open Models on a project with 2+ models.,Every version is listed with its status.,Project card → Models,✅,✅,✅,✅,✅,✅,✅,✅,❌,APK · Web,,,,,,,,
26,MODEL-05,"4. Inside a project: upload, 3D model, AR",Create a new version,Builds a fresh model from the same capture when the first one came out wrong.,Open a model → Create a new version.,A new entry appears in Models and builds.,Model viewer / Models → Create a new version,✅,✅,✅,✅,✅,✅,✅,✅,❌,APK · Web,,,,,,,,
27,MODEL-06,"4. Inside a project: upload, 3D model, AR",View 3D model,Spin and zoom the model on screen.,Open any ready model.,Model loads and can be rotated.,Models → open a model,✅,✅,✅,✅,✅,✅,✅,✅,❌,APK · Web,,,,,,,,
28,MODEL-07,"4. Inside a project: upload, 3D model, AR",View in AR (place in room),Place the model on your real table through the camera.,Open a model on an AR-capable phone → View in AR.,Model appears in the room at real size. On desktop browser the AR button is hidden.,Model viewer → AR,✅,✅,✅,✅,✅,✅,✅,✅,❌,APK · mobile Web (AR-capable phones),,,,,,,,
29,MODEL-08,"4. Inside a project: upload, 3D model, AR",Optimize model,"Makes a smaller, faster-loading copy for customers' phones. Shows as its own entry ('Optimized for fast loading').",Tap Optimize on a large model.,A smaller version appears beside the original.,Models → Optimize,✅,✅,✅,✅,✅,✅,✅,✅,❌,APK · Web,,,,,,,,
30,MODEL-09,"4. Inside a project: upload, 3D model, AR",Export model (GLB / USDZ),"Download the model file: GLB (Blender, Unity, web) or USDZ (iPhone Quick Look).",Export both formats.,Files download and open in a 3D viewer.,Model viewer → Export model,✅,✅,✅,✅,✅,✅,✅,✅,❌,APK · Web,,,,,,,,
31,CAT-01,5. Catalog page (main screen),Create catalog,First-time setup: name the catalog. The public link created at first publish never changes after that.,New account → Catalog → Create catalog → enter name.,"Catalog screen appears with 0 products, status Draft.",Catalog → empty state → Create catalog,✅,✅,✅,✅,✅,✅,✅,❌,❌,APK · Web,,,,,,,,
32,CAT-02,5. Catalog page (main screen),Catalog header & status chips,"Shows name, business name, status (Draft / Live / Offline), 'Draft changes not yet live', 'Publishing…', plan chip, and product/category counts.",Edit any product after publishing.,"'Draft changes not yet live' appears, and clears after the next publish.",Catalog → top card,✅,✅,✅,✅,✅,✅,✅,❌,❌,APK · Web,,,,,,,,
33,CAT-03,5. Catalog page (main screen),"Main buttons: Publish, Preview, Analytics, QR code, Download QR/standee",The five main actions. 'QR code' shows once the catalog has a public link; 'Download QR/standee' only while it is Live.,"Check each button with a never-published, a live and an offline catalog.",Buttons appear/disappear by state exactly as described.,Catalog → header buttons,✅,✅,✅,✅,✅,✅,✅,❌,❌,APK · Web,,,,,,,,
34,CAT-04,5. Catalog page (main screen),Edit menu (⋮ More),"Menu with: Languages & translations, Spotlight & customer buttons, Offers & happy hour, My plate, Today: stock & prices, Staff, Outlets & branches, Appearance & Theme, Import menu from photos, AI descriptions, Customers, Order & booking links, Menu web address, Delete catalog.",Open ⋮ and tap each item.,Each opens its screen. Items behind a switch are hidden when the switch is off (see Notes).,Catalog → ⋮,✅,✅,✅,✅,✅,✅,✅,❌,❌,APK · Web,,"Hidden until 'appearanceEnabled' is on: Languages, Spotlight, Menu web address, palette & badge icons. Hidden until the AI key is set: Import menu, AI descriptions. The old 'Printable menu' option has been removed - report it if you still see it.",,,,,,
35,CAT-05,5. Catalog page (main screen),Payment banners on the catalog,"Shows plan problems with a button: 'Pay now' (payment due / grace), 'Pay to switch it back on' (page switched off), 'Restore 3D' (3D paused).","Use catalogs in each state (pending payment, grace, paused, switched off).",Correct banner and button per state; the button opens Subscription.,Catalog → banner under header,✅,✅,✅,✅,✅,✅,✅,❌,❌,APK · Web,,,,,,,,
36,CAT-06,5. Catalog page (main screen),Product grid,"All products as cards: picture, price, 3D or Image only, Out of stock, Archived.","Open a catalog with 10+ products, scroll, Load more.",Cards show the right badges and price.,Catalog → Products,✅,✅,✅,✅,✅,✅,✅,❌,❌,APK · Web,,,,,,,,
37,CAT-07,5. Catalog page (main screen),"Search, filter, sort","Search by name; filter by category, type (3D / image) and status; sort by Menu order, Name A–Z, Newest, Oldest, Price.","Combine a search with a filter, then Clear filters.",List narrows correctly; empty result says 'No products match'.,Catalog → Products → search / Show / Sort,✅,✅,✅,✅,✅,✅,✅,❌,❌,APK · Web,,,,,,,,
38,CAT-08,5. Catalog page (main screen),Select several (bulk actions),"Pick many products and Archive, Delete or Move to category in one go. Failed ones stay selected with 'Retry failed'.",Select 3 products → Move to category; then Archive them.,All 3 move/archive; a toast confirms.,Catalog → Select,✅,✅,✅,✅,✅,✅,✅,❌,❌,APK · Web,,,,,,,,
39,CAT-09,5. Catalog page (main screen),Delete catalog,Deletes the catalog AND its public page. The only action that gives up the QR link. You must type the catalog name.,"Use a test catalog only. Type a wrong name, then the right one.",Wrong name keeps the button disabled; right name deletes and returns to the empty state.,Catalog → ⋮ → Delete catalog,✅,✅,✅,✅,✅,✅,✅,❌,❌,APK · Web,,Destructive - test on a throw-away catalog.,,,,,,
40,CAT-10,5. Catalog page (main screen),Restaurants I help run (helper entry),"If someone added you as staff and you have no catalog of your own, the Catalog page shows 'Restaurants I help run' (and 'Create my own catalog').","Have an owner add your number on Staff, sign in with that number, open Catalog.",Opens the list of restaurants you help with (see TEAM-05).,Catalog → empty state,❌,❌,❌,❌,❌,❌,❌,✅,❌,APK · Web,,,,,,,,
41,PROD-01,6. Inside catalog: products (dishes),Add product from a finished capture (3D),"Pick one of your captures, then pick exactly which model version to use (preview each first).","Add product → From a finished capture → pick capture → pick model → name, price → Add product.",Product appears with a 3D badge and an automatic thumbnail.,Catalog → Add product → From a finished capture,✅,✅,✅,✅,✅,✅,✅,❌,❌,APK · Web,,"3D dishes count toward the plan cap: Trial 10, Taste 10, Signature 15, MasterChef 30.",,,,,,
42,PROD-02,6. Inside catalog: products (dishes),Add product as image only,"A photo, name and price is a full product, with no 3D/AR. JPEG, PNG or WebP up to 5 MB.",Add product → Image only → choose photo → name → Add.,Product shows 'Image only'. Unlimited on every plan.,Add product → Image only — no AR,✅,✅,✅,✅,✅,✅,✅,❌,❌,APK · Web,,,,,,,,
43,PROD-03,6. Inside catalog: products (dishes),"Product details: name, price, description, category, featured, stock",Basic fields. Price optional ('No price set'). Featured sorts first. In/Out of stock.,Edit each field and Save changes.,Toast confirms; 'This is a draft edit. Customers see it after you publish.',Add / Edit product,✅,✅,✅,✅,✅,✅,✅,❌,❌,APK · Web,,,,,,,,
44,PROD-04,6. Inside catalog: products (dishes),Veg / non-veg / none mark,"Choose green veg mark, red non-veg mark, or no mark.",Set each of the three values and publish.,The public menu shows the chosen mark (or none).,Edit product → Veg / non-veg,✅,✅,✅,✅,✅,✅,✅,❌,❌,APK · Web,,,,,,,,
45,PROD-05,6. Inside catalog: products (dishes),Tags,Private labels for your own organising (max 20). Not shown to customers.,Add a few tags.,Saved; public menu does not show them.,Edit product → Tags,✅,✅,✅,✅,✅,✅,✅,❌,❌,APK · Web,,,,,,,,
46,PROD-06,6. Inside catalog: products (dishes),"Diet & allergens, spice, serves, prep time","Suitable for (Vegan, Jain, Gluten-free…), Contains (allergens), spice level, serves, minutes. Conflicts (e.g. Vegan + Dairy) are refused.",Fill the section; try Vegan with Dairy.,Conflict shows an error; valid details appear on the public dish and power diet filters.,Edit product → Diet & allergens,✅,✅,✅,✅,✅,✅,✅,❌,❌,APK · Web,,,,,,,,
47,PROD-07,6. Inside catalog: products (dishes),Badges on a dish,"Put badges from your badge library (Bestseller, Chef's special…) on a dish. The menu card shows the first two.","Create badges first (LOOK-08), then tick 2–3 on a dish.",Dish card on the menu shows two badges.,Edit product → Badges,✅,✅,✅,✅,✅,✅,✅,❌,❌,APK · Web,,"How many badges show depends on plan: Taste 3, Signature/MasterChef 12.",,,,,,
48,PROD-08,6. Inside catalog: products (dishes),Goes well with (pairings),Suggest up to 4 dishes to have with this one.,Pick 2 dishes → Save → publish.,Dish page on the menu shows 'Goes well with'.,Edit product → Goes well with,🔒,🔒,✅,✅,✅,✅,✅,❌,❌,APK · Web,appearanceEnabled,Saved on every plan; shown on the menu only on Signature+ (held back on Taste).,,,,,,
49,PROD-09,6. Inside catalog: products (dishes),Other languages (dish translation),Type the dish name/description in each extra menu language.,Add a language (LOOK-09) then translate one dish.,Switching language on the menu shows the translation.,Edit product → Other languages,🔒,🔒,✅,✅,✅,✅,✅,❌,❌,APK · Web,appearanceEnabled,,,,,,,
50,PROD-10,6. Inside catalog: products (dishes),Change 3D model,"Point the product at a different model version from the same capture, after previewing it.",Change model → pick another → Save → publish.,Public dish shows the new model; the QR is unaffected.,Edit product → Change 3D model,✅,✅,✅,✅,✅,✅,✅,❌,❌,APK · Web,,,,,,,,
51,PROD-11,6. Inside catalog: products (dishes),Replace photo / switch to 3D,"Swap the picture, or convert an image-only product into a 3D one.",Replace a photo; convert an image product to 3D.,New picture/3D shows after publish.,Edit product → Replace photo / Use a 3D model instead,✅,✅,✅,✅,✅,✅,✅,❌,❌,APK · Web,,Converting restarts that dish's analytics history on the public side.,,,,,,
52,PROD-12,6. Inside catalog: products (dishes),Duplicate product,Copies a product for variants; the copy is renamed automatically.,Duplicate a product.,"'Duplicated as ""<name> (2)""' and the copy appears.",Edit product → Duplicate product,✅,✅,✅,✅,✅,✅,✅,❌,❌,APK · Web,,,,,,,,
53,PROD-13,6. Inside catalog: products (dishes),Archive / restore / delete permanently,Archive hides a product without losing it; Restore brings it back; Delete permanently needs typing the name.,Archive → Restore → Delete another one.,Archived product leaves the menu at next publish; delete is permanent.,Edit product or card menu,✅,✅,✅,✅,✅,✅,✅,❌,❌,APK · Web,,,,,,,,
54,PROD-14,6. Inside catalog: products (dishes),AI: write description / enhance photo,"'Write description' gives AI suggestions to pick from. 'Enhance photo' straightens, crops and brightens (Original vs Enhanced).",Tap Write description → pick one. Tap Enhance photo → Use enhanced.,"Text filled in; enhanced photo saved, shows after publish.",Edit product → ✨ buttons,✅,✅,✅,✅,✅,✅,✅,❌,❌,APK · Web,AI_API_KEY (hidden when not set),,,,,,,
55,SEC-01,7. Inside catalog: categories (menu sections),Create / rename / delete category,Manage sections. Deleting a non-empty one asks where its products should move ('Move and delete').,"Create 3, rename 1, delete 1 that has products.",Products move to the chosen section; nothing is lost.,Categories → New category / Category options,✅,✅,✅,✅,✅,✅,✅,❌,❌,APK · Web,,,,,,,,
56,SEC-02,7. Inside catalog: categories (menu sections),Drag to reorder categories,Order sections appear on the public menu.,Drag a section to the top.,'Category order saved.'; menu order matches after publish.,Categories → drag handle,✅,✅,✅,✅,✅,✅,✅,❌,❌,APK · Web,,,,,,,,
57,SEC-03,7. Inside catalog: categories (menu sections),Move products between categories,Add products into a section or move selected ones to another.,Move 2 products.,They now show under the new section.,Categories → a category → Add products / Move to…,✅,✅,✅,✅,✅,✅,✅,❌,❌,APK · Web,,,,,,,,
58,SEC-04,7. Inside catalog: categories (menu sections),Uncategorized bucket,Products with no section land here. It is always last and cannot be renamed or deleted.,Delete a section and choose Uncategorized.,Products appear under Uncategorized.,Categories,✅,✅,✅,✅,✅,✅,✅,❌,❌,APK · Web,,,,,,,,
59,SEC-05,7. Inside catalog: categories (menu sections),Section timings (Available times),"Serve a section only at certain hours (e.g. Breakfast 7–11). Outside: hide it, or show it greyed with its hours. India time.","Set Breakfast 07:00–11:00, publish, open menu after 11.",Section hidden or greyed outside the window.,Categories → Category options → Available times,🔒,🔒,✅,✅,✅,✅,✅,❌,❌,APK · Web,,Saved on every plan; shown only on Signature+.,,,,,,
60,LOOK-01,"8. Inside catalog: look, branding & restaurant info",Business profile,"Storefront name, logo, cover image, legal name, phone, WhatsApp, email, address, website, social links. The screen marks which fields reach the public page.","Fill every field, upload logo and cover (16:9), Save profile, publish.","Public page shows logo, cover banner and the fields marked 'Shown on your public page'.",Catalog → badge icon (Business profile),✅,✅,✅,✅,✅,✅,✅,❌,❌,APK · Web,,Rep: also for restaurants they activated (Restaurant details).,,,,,,
61,LOOK-02,"8. Inside catalog: look, branding & restaurant info",Appearance & Theme,Pick a theme preset; see a live phone preview; Save look; publish.,Choose a different preset → Save look → Publish → open the public menu.,Public menu uses the new theme after publish.,"Catalog → palette icon, or ⋮ → Appearance & Theme (always shown)",✅,✅,✅,✅,✅,✅,✅,❌,❌,APK · Web,appearanceEnabled,Rep: also for restaurants they activated.,,,,,,
62,LOOK-03,"8. Inside catalog: look, branding & restaurant info",Custom primary & accent colours,Your own brand colours (hex). Colours with poor contrast are refused.,Enter a primary and accent → Save → Publish.,Signature+: menu uses them. Taste/no plan: publish lists 'Custom colours' as held back.,Appearance → Customize colours,🔒,🔒,✅,✅,✅,✅,✅,❌,❌,APK · Web,appearanceEnabled,,,,,,,
63,LOOK-04,"8. Inside catalog: look, branding & restaurant info",Layout & fonts,Card layout Grid / List / Large and curated font pairs.,Switch to List and a new font → publish.,Menu layout and font change (Signature+).,Appearance → Layout / Fonts,🔒,🔒,✅,✅,✅,✅,✅,❌,❌,APK · Web,appearanceEnabled,,,,,,,
64,LOOK-05,"8. Inside catalog: look, branding & restaurant info",Diet filters on the menu,"Lets customers filter by Veg only, Jain, Vegan, Gluten-free, No nuts (only filters your dishes actually have).","Turn on, publish, use filter on the menu.",Filter chips appear and work.,Appearance → Diet filters,✅,✅,✅,✅,✅,✅,✅,❌,❌,APK · Web,appearanceEnabled,,,,,,,
65,LOOK-06,"8. Inside catalog: look, branding & restaurant info",Opening hours & holidays,"Weekly time slots ('Same as Monday' to copy), holidays, and 'Show ""Open now"" on the menu'. India time.","Set hours, add a holiday, publish, check the menu at different times.",Menu shows 'Open · closes 11 pm' / 'Closed' correctly.,Business profile → Opening hours & holidays,✅,✅,✅,✅,✅,✅,✅,❌,❌,APK · Web,,Rep: also for restaurants they activated.,,,,,,
66,LOOK-07,"8. Inside catalog: look, branding & restaurant info",Announcement strip,"One-line strip on the menu (info, offer or alert) with optional link and start/end dates.","Save 'Diwali special — 20% off' with an end date, publish.",Strip shows while live; disappears after the end date by itself.,Catalog → Announcement,✅,✅,✅,✅,✅,✅,✅,❌,❌,APK · Web,,,,,,,,
67,LOOK-08,"8. Inside catalog: look, branding & restaurant info",Badge library,"Design up to 12 badges once (label, colour) and use them on any dish. Starter set provided.",Create 4 badges → Save badges → put them on dishes.,Taste shows the first 3 on the menu; Signature/MasterChef show all 12.,Catalog → tag icon (Badges),✅,✅,✅,✅,✅,✅,✅,❌,❌,APK · Web,appearanceEnabled,,,,,,,
68,LOOK-09,"8. Inside catalog: look, branding & restaurant info",Menu languages,Main language plus extra languages from 9 Indian languages. Customers get a language switcher.,Add Hindi → translate → publish → switch language on the menu.,Taste: 0 extra languages; Signature: 1; MasterChef: 3. Untranslated text falls back to the main language.,⋮ → Languages & translations → Choose languages,🔒,🔒,✅,✅,✅,✅,✅,❌,❌,APK · Web,appearanceEnabled,,,,,,,
69,LOOK-10,"8. Inside catalog: look, branding & restaurant info",Translations editor,"Type translations for every dish, section, badge and the announcement, with progress and 'Only show what still needs translating'.",Translate 2 dishes and a section.,Progress updates; menu shows the translations after publish.,⋮ → Languages & translations,🔒,🔒,✅,✅,✅,✅,✅,❌,❌,APK · Web,appearanceEnabled,No machine translation - the owner types everything.,,,,,,
70,LOOK-11,"8. Inside catalog: look, branding & restaurant info",3D & AR style,"Branding on the 3D viewer: logo while loading, logo watermark, surface under the dish, dish name & price.",Turn on watermark → Save → publish → open a 3D dish.,Viewer shows the logo/watermark (Signature+).,Appearance → 3D & AR style,🔒,🔒,✅,✅,✅,✅,✅,❌,❌,APK · Web,appearanceEnabled,Needs a logo on the Business profile.,,,,,,
71,LOOK-12,"8. Inside catalog: look, branding & restaurant info",Branded QR style,"QR colours (Classic, Charcoal, Navy, Forest, Wine, Espresso), your logo in the centre, frame text, and the standee template.",Pick Navy + logo → Save QR style → download a standee.,Signature+: styled QR. Taste: prints plain black & white. A styled code that would not scan is replaced by the plain one automatically.,QR code → QR style,🔒,🔒,✅,✅,✅,✅,✅,❌,❌,APK · Web,appearanceEnabled,Always test a printed code with 2–3 phones.,,,,,,
72,LOOK-13,"8. Inside catalog: look, branding & restaurant info",Menu web address,An easy address like yourname.<menu domain> for Instagram/WhatsApp. The printed QR link never changes.,Enter 'bluecafe' → Save address → publish → open the address.,MasterChef: the address opens the menu. Others: held back.,⋮ → Menu web address,🔒,🔒,🔒,✅,✅,✅,✅,❌,❌,APK · Web,appearanceEnabled + MENU_SUBDOMAIN_BASE (DNS),,,,,,,
73,GROW-01,9. Inside catalog: customer engagement & business value,Chef's spotlight carousel,"Up to 6 dishes in a carousel at the top of the menu, with an optional title.",Pick 3 dishes → Save spotlight → publish.,Carousel at top of the menu (Signature+).,⋮ → Spotlight & customer buttons → Spotlight,🔒,🔒,✅,✅,✅,✅,✅,❌,❌,APK · Web,appearanceEnabled,,,,,,,
74,GROW-02,9. Inside catalog: customer engagement & business value,Customer buttons,"Rate us (Google review link or Place ID), Order on WhatsApp, Call waiter, Wi-Fi (name + password), Feedback form (1–5 + comment).","Fill all, Save buttons, publish, try each on the menu.",Taste / no plan: only 'Rate us' shows. Signature+: all buttons. Feedback replies appear in Analytics.,⋮ → Spotlight & customer buttons → Customer buttons,🔒,🔒,✅,✅,✅,✅,✅,❌,❌,APK · Web,appearanceEnabled,Review link must be a Google link. WhatsApp buttons need a WhatsApp number on the Business profile.,,,,,,
75,GROW-03,9. Inside catalog: customer engagement & business value,"Offers, combos & happy hour","Percent off, rupees off, new price, or combo price - on chosen dishes, sections or the whole menu - with days and time windows. Live preview of prices. Up to 20 active.","Create 'Happy hour 5–7 pm, 20% off drinks' → Save → publish → open menu inside and outside the window.","Inside the window: struck-through prices, offer strip, Offers pill. Outside: normal prices.",⋮ → Offers & happy hour,🔒,🔒,✅,✅,✅,✅,✅,❌,❌,APK · Web,,Swipe an offer left to delete it.,,,,,,
76,GROW-04,9. Inside catalog: customer engagement & business value,My plate (customer's order list),"Lets customers tap + on dishes to build a plate, see a total, and 'Show to waiter' or send on WhatsApp. Option to hide the running total.","Turn on, publish, build a plate on the menu.",Plate works on the menu (Signature+). Stats appear in Analytics and the weekly report.,⋮ → My plate,🔒,🔒,✅,✅,✅,✅,✅,❌,❌,APK · Web,,ON by default - shows at the restaurant's next publish.,,,,,,
77,GROW-05,9. Inside catalog: customer engagement & business value,Order & booking links,"Zomato / Swiggy 'Order online' chips, a booking page link, and phone/WhatsApp number for 'Book a table'.",Fill Zomato link and booking link → Save links → publish.,"Menu shows the chips/button; wrong links (not https://, wrong site) are refused.",⋮ → Order & booking links,✅,✅,✅,✅,✅,✅,✅,❌,❌,APK · Web,,,,,,,,
78,GROW-06,9. Inside catalog: customer engagement & business value,Customer list (WhatsApp offers sign-ups),"Customers who joined from the menu (with consent). Search, birthdays this week, open WhatsApp chat with a message, mark opted out, delete, Export CSV.","Sign up from the public menu, then open Customers.",The person appears; CSV contains only subscribed customers.,⋮ → Customers,✅,✅,✅,✅,✅,✅,✅,❌,❌,APK · Web,,Owner only - reps and helpers cannot see customers. Follows DPDP consent rules.,,,,,,
79,GROW-07,9. Inside catalog: customer engagement & business value,Analytics,"Catalog opens, sessions, product views, AR launches, contact clicks, browse taps, QR scans vs direct links; chart or table by day; date range; top products.","Scan the QR a few times and open dishes, then check Analytics.",Numbers rise; comparison with the previous period shown.,Catalog → Analytics,✅,✅,✅,✅,✅,✅,✅,❌,❌,APK · Web,,"Plan card lists 'Per-dish view analytics' for MasterChef, but today every plan sees the same analytics.",,,,,,
80,GROW-08,9. Inside catalog: customer engagement & business value,Weekly report,"Every Monday: menu views, visitors, QR scans, AR views, top dishes, busiest hours, daily chart, plates built, offer views and up to 2 tips. Share as image.","On a test restaurant with reports switched on, open the latest report.",Report for last week; 'Share as image' produces a picture.,Analytics → Weekly reports (or Monday notification),✅,✅,✅,✅,✅,✅,✅,❌,❌,APK · Web,WEEKLY_REPORTS_ENABLED,Reps see reports of their restaurants read-only.,,,,,,
81,AI-01,10. Inside catalog: AI tools,Import menu from photos / PDF,"Photograph a paper menu or pick a PDF (up to 10 pages, 20 MB each). AI reads sections, dishes and prices into a draft you check, tick and add. 'Undo this import' afterwards.",Take photos of a printed menu → Read my menu → check → Add N dishes → then Undo.,Dishes added as photo-less drafts; Undo removes them (keeps ones you already edited).,⋮ → Import menu from photos,✅,✅,✅,✅,✅,✅,✅,❌,❌,APK · Web,AI_API_KEY,Rep: also on restaurants they activated.,,,,,,
82,AI-02,10. Inside catalog: AI tools,Bulk AI descriptions,"Writes descriptions for every dish missing one, in a tone: Casual, Premium or Fun. You pick which to save.",Choose Premium → Write N descriptions → Save.,Descriptions saved; 'The AI budget for this month is used up' when the cap is hit.,⋮ → AI descriptions,✅,✅,✅,✅,✅,✅,✅,❌,❌,APK · Web,AI_API_KEY,,,,,,,
83,TEAM-01,"11. Inside catalog: daily edits, staff & branches",Today: stock & prices,"Every dish in one list: stock switch, price, search, 'sold out only'. Long-press for 'Sold out until tomorrow' (back at 5 am). Changes go in one batch; 'Publish now'.","Mark 2 dishes sold out, change 1 price → Publish now.",'Saved and publishing — live in a few seconds.' Menu shows sold out; the 'until tomorrow' dish returns at 5 am.,⋮ → Today: stock & prices,✅,✅,✅,✅,✅,✅,✅,✅,❌,APK · Web,,Staff helper: Team member = stock + publish; Manager = stock + prices + publish.,,,,,,
84,TEAM-02,"11. Inside catalog: daily edits, staff & branches",Bulk price change,"Change many prices by percent or flat amount, with rounding, preview and a 7-day Undo.",Select a section → +10% → Preview → Apply → Undo.,Prices change and then revert with Undo.,Today → Select → Change prices,✅,✅,✅,✅,✅,✅,✅,🔒,❌,APK · Web,,Helper: Manager only.,,,,,,
85,TEAM-03,"11. Inside catalog: daily edits, staff & branches",Recent changes log,Who changed what (owner or which staff member). Kept 90 days.,Make changes as owner and as a helper.,Both appear with the right name.,Today → Recent changes,✅,✅,✅,✅,✅,✅,✅,✅,❌,APK · Web,,,,,,,,
86,TEAM-04,"11. Inside catalog: daily edits, staff & branches",Staff (invite helpers),Add up to 5 people by mobile number as Manager or Team member. Remove anyone; they lose access at once. Helpers never see billing.,Add a number as Team member → sign in with it → check access → remove it.,Helper sees the restaurant; after removal access stops immediately.,⋮ → Staff,✅,✅,✅,✅,✅,✅,✅,❌,❌,APK · Web,,Not plan-gated.,,,,,,
87,TEAM-05,"11. Inside catalog: daily edits, staff & branches",Helper's view: Restaurants I help run,A helper's list of restaurants they were added to; opens that restaurant's Today screen with only their permissions.,Sign in as a helper → open the restaurant.,Only Today actions allowed; the server refuses anything else.,Catalog → Restaurants I help run (/staff),❌,❌,❌,❌,❌,❌,❌,✅,❌,APK · Web,,,,,,,,
88,TEAM-06,"11. Inside catalog: daily edits, staff & branches",Outlets & branches,"One main outlet + up to 10 branches. Each branch has its own page, QR, stock, prices, staff, offers and plan. Menu and look are set once on the main outlet and copy down; a branch can override price/stock ('Reset' to main).",Add branch → switch to it with the outlet chip → change one price there → change the dish on main.,Branch keeps its own price; other main edits arrive automatically. Brand screens are locked on a branch.,⋮ → Outlets & branches (or outlet chip),✅,✅,✅,✅,✅,✅,✅,❌,❌,APK · Web,,"'Publish all outlets' button is still present (removal requested in learn.txt, not done yet). Each outlet is billed separately.",,,,,,
89,PUB-01,"12. Inside catalog: preview, publish, QR & standees",Preview,"Shows the draft exactly the way a customer will see it, before publishing.","Edit a dish, open Preview.",Preview shows the edit even though it is not live.,Catalog → Preview,✅,✅,✅,✅,✅,✅,✅,❌,❌,APK · Web,,,,,,,,
90,PUB-02,"12. Inside catalog: preview, publish, QR & standees",Publish checklist,"Lists EVERY problem at once in plain words (no products, missing name, dish without photo, duplicate names, still generating…) with one-tap fixes like 'Use ""Lassi (2)"" and publish'.",Create two dishes with the same name and a dish without a photo → Publish.,Both problems listed together; the rename fix works.,Catalog → Publish,✅,✅,✅,✅,✅,✅,✅,❌,❌,APK · Web,,,,,,,,
91,PUB-03,"12. Inside catalog: preview, publish, QR & standees",Choose a plan at Publish (paywall),"If the catalog has no plan, Publish shows a plan card first. After paying you come back and the publish starts without a second tap.",New account → build a catalog → Publish.,Plan card appears; after a (test) payment the publish runs.,Publish → plan card,🔒,✅,✅,✅,✅,✅,✅,❌,❌,APK · Web,,A restaurant set up by a rep can publish before payment - see REP-08.,,,,,,
92,PUB-04,"12. Inside catalog: preview, publish, QR & standees",Publish with live progress,Runs in the background (you can leave). Each dish shows Synced / Pending / Failed / Never published with a reason.,"Publish 10 dishes, leave the screen and come back.",Dishes turn green one by one; 'Your catalog is live.',Publish,✅,✅,✅,✅,✅,✅,✅,❌,❌,APK · Web,,,,,,,,
93,PUB-05,"12. Inside catalog: preview, publish, QR & standees",Retry failed only,"If some dishes fail, retry pushes only those.","Turn network off mid-publish, then Retry failed.",Only failed ones are re-sent and succeed.,Publish → Retry failed,✅,✅,✅,✅,✅,✅,✅,❌,❌,APK · Web,,,,,,,,
94,PUB-06,"12. Inside catalog: preview, publish, QR & standees",Held back on your plan,Lists customizations your plan does not cover (sent with the standard look). Your choices stay saved.,"On Taste, set custom colours and an offer → Publish.",Card lists 'Custom colours needs the Signature plan' etc.; menu shows standard look.,Publish → card,✅,✅,✅,✅,✅,✅,✅,❌,❌,APK · Web,subscriptionGatesEnabled,,,,,,,
95,PUB-07,"12. Inside catalog: preview, publish, QR & standees",3D dish cap at publish,"If you have more 3D dishes than the plan allows (Trial 10, Taste 10, Signature 15, MasterChef 30), publish asks you to upgrade or switch some to image.",On Taste add 11 3D dishes → Publish.,Publish explains the cap and offers 'See plans'.,Publish,✅,✅,✅,✅,✅,✅,✅,❌,❌,APK · Web,,,,,,,,
96,PUB-08,"12. Inside catalog: preview, publish, QR & standees",Take catalog offline / back live,"Removes the dishes from the public page, but the QR and link keep working. Publishing again brings it back.",Take offline → scan QR → Publish again.,"QR shows the 'not live' message, then the menu again.",Publish → Take offline,✅,✅,✅,✅,✅,✅,✅,❌,❌,APK · Web,,,,,,,,
97,PUB-09,"12. Inside catalog: preview, publish, QR & standees","Public link: copy, share, open","Copy the permanent link, share it, or open it.","Tap Copy link, Share, Open.",Link copied/shared/opened. Share button is hidden on web.,Publish / QR screen,✅,✅,✅,✅,✅,✅,✅,❌,❌,APK · Web,,,,,,,,
98,PUB-10,"12. Inside catalog: preview, publish, QR & standees",QR code (view),Shows the catalog's permanent QR. It never changes on rename or republish.,Republish after renaming; scan the old QR.,Old QR still opens the menu.,Catalog → QR code,✅,✅,✅,✅,✅,✅,✅,❌,❌,APK · Web,,The screen is view-only (screenshots blocked on Android). Downloads go through the counted standee download.,,,,,,
99,PUB-11,"12. Inside catalog: preview, publish, QR & standees",Download QR/standee (counted),"Download A4 standee PDFs (one QR per page). Ask how many (1 to what's left). Each download uses up your plan's standees: Taste 10, Signature 15, MasterChef 30 - one lifetime pool.",Live catalog → Download → choose 2 → check the remaining count.,PDF with 2 standees; remaining count drops by 2; at 0 it says 'Upgrade your plan for more'.,"Catalog → Download QR/standee, or QR → Download in A4 size",🔒,✅,✅,✅,✅,✅,✅,❌,❌,APK · Web,,Only while the catalog is Live.,,,,,,
100,PUB-12,"12. Inside catalog: preview, publish, QR & standees",Activity / publish history,"What was published when, and what failed.",Publish twice.,Both runs listed.,Publish,✅,✅,✅,✅,✅,✅,✅,❌,❌,APK · Web,,,,,,,,
101,SUB-01,13. Subscription & payments (owner),Your plan (status card),"Current plan, status (Trial, Active, Grace, Paused, Complimentary…), end / renewal date, days left, 3D dish usage, standees, 'See catalog'.",Open with a catalog on each status.,Card matches the real status and dates.,Subscription screen → top,✅,✅,✅,✅,✅,✅,✅,❌,❌,APK · Web,,,,,,,,
102,SUB-02,13. Subscription & payments (owner),Plans & compare,"The three plans with caps and perks, monthly/yearly switch, 'Save 30% with yearly billing', Upgrade to next tier.",Toggle Monthly/Yearly.,Prices update correctly; yearly = 12 × monthly − 30%.,Subscription → Plans,✅,✅,✅,✅,✅,✅,✅,❌,❌,APK · Web,,,,,,,,
103,SUB-03,13. Subscription & payments (owner),Subscribe with autopay (Razorpay),"Approve autopay once with UPI, card or net banking; the plan then renews every month/year by itself.","In test pricing mode, subscribe to Taste monthly.",'Payment received — your plan is active.' appears quickly; Autopay is on.,Subscription → Continue to <plan>,✅,✅,✅,✅,✅,✅,✅,❌,❌,APK · iOS · Web (in-app payment),,Use testing prices only.,,,,,,
104,SUB-04,13. Subscription & payments (owner),Turn off autopay,Stops future renewals; the paid period continues to its end.,Turn off → confirm.,'Autopay turned off' + notification; plan stays until end date.,Subscription → Turn off autopay,✅,✅,✅,✅,✅,✅,✅,❌,❌,APK · Web,,,,,,,,
105,SUB-05,13. Subscription & payments (owner),Payment history & receipts,All payments with Download receipt; refunds shown.,Open after a payment.,Receipt PDF downloads.,Subscription → Payment history,✅,✅,✅,✅,✅,✅,✅,❌,❌,APK · Web,,,,,,,,
106,SUB-06,13. Subscription & payments (owner),Free trial,"30 days, up to 10 3D dishes, every customization unlocked. One trial per restaurant, ever.","Rep starts a trial (REP-09), owner opens Subscription.",Shows 'Free trial' with end date.,Started by a rep or admin,✅,✅,✅,✅,✅,✅,✅,❌,❌,APK · Web,,,,,,,,
107,SUB-07,13. Subscription & payments (owner),"Grace, pause, payment-due lifecycle",Plan ends → 7-day grace (all still works) → 3D paused (photo menu stays live). A rep-published unpaid restaurant has 7 days to pay before the WHOLE page switches off.,Admin can shorten dates on a test catalog to walk through each step.,"Correct banner, notification and public page behaviour at each step.",Catalog banners + notifications,✅,✅,✅,✅,✅,✅,✅,❌,❌,APK · Web,,A restaurant that has ever paid never loses its photo menu.,,,,,,
108,PROF-01,14. User profile page,Profile photo,"Choose, replace or remove a photo (JPG/PNG).","Upload a photo, then remove it.",Photo shows on Profile and Home top bar.,Profile → avatar,✅,✅,✅,✅,✅,✅,✅,✅,❌,APK · Web,,,,,,,,
109,PROF-02,14. User profile page,"Name, contact, role, member since","Edit your display name. See your masked phone/email, your role badge and 'Member since'.",Edit name → Save.,Name updated everywhere.,Profile,✅,✅,✅,✅,✅,✅,✅,✅,❌,APK · Web,,,,,,,,
110,PROF-03,14. User profile page,Subscription row,"'Your plan, 3D dish usage and prices' - opens the Subscription screen.",Tap it.,Subscription screen opens.,Profile → Subscription,✅,✅,✅,✅,✅,✅,✅,✅,❌,APK · Web,,,,,,,,
111,PROF-04,14. User profile page,"Rep rows: My restaurants, My standees, Published standees",Shortcuts into the Sales rep area (section REP).,"Sign in as rep, open each row.",Rows open the rep screens; a plain User never sees them.,Profile,❌,❌,❌,❌,✅,✅,✅,❌,❌,APK · Web,,,,,,,,
112,PROF-05,14. User profile page,"Admin rows: Standee inventory, Subscriptions","'Mint QR codes and send one to a rep' and 'Verify cash payments, comps and who is expiring'.",Sign in as Admin.,Rows visible only to Admin.,Profile,❌,❌,❌,❌,✅,❌,❌,❌,❌,APK · Web,,,,,,,,
113,PROF-06,14. User profile page,All catalogs (admin),"Grid (2 per row) of every live catalog with name and icon, search, Load more. Open one to see it like a customer; tap the banner to edit and publish it directly (Publish by admin / Unpublish by admin with a reason).",Admin → All catalogs → open one → edit a dish → Publish by admin.,Change is live on that restaurant's menu.,Profile → All catalogs,❌,❌,❌,❌,✅,❌,❌,❌,❌,APK · Web,,Built and committed on branch feature/subcription-stated-f-noti; NOT yet in feature/more-customize-for-mirage. Test on a build from that branch.,,,,,,
114,PROF-07,14. User profile page,Sign out,Ends the session on this device.,Sign out.,Back at Login; Back button does not return into the app.,Profile → Sign out,✅,✅,✅,✅,✅,✅,✅,✅,❌,APK · Web,,,,,,,,
115,NOTI-01,15. Notifications,Notification feed,"List with unread state, Details, and 'Mark all read'.","Open feed, open one, Mark all read.",Unread count on the bell goes to 0.,Bell → Notifications,✅,✅,✅,✅,✅,✅,✅,✅,❌,APK · Web,,,,,,,,
116,NOTI-02,15. Notifications,Subscription notifications,"Trial started, payment received, plan ends in N days, autopay renews in N days, menu live — payment due, live menu switches off in N days, 3D paused, page switched off, deadline extended, 'You have not chosen a plan yet', cash payment awaiting verification, payment not confirmed, autopay on/failed/stopped/turned off, duplicate refunded, comped.",Walk a test catalog through trial → payment → expiry.,"The matching notification appears at each step, once.",Feed (+ SMS for some),✅,✅,✅,✅,✅,✅,✅,✅,❌,APK · Web,,,,,,,,
117,NOTI-03,15. Notifications,Weekly report & menu notifications,Monday 'See report' notification; 'more 3D dishes than your plan covers'; dish turned 3D after a rep's capture.,"With weekly reports on, wait for Monday or trigger the job.",Tapping opens the right screen.,Feed,✅,✅,✅,✅,✅,✅,✅,✅,❌,APK · Web,,,,,,,,
118,NOTI-04,15. Notifications,Admin alerts,"Payment problems for admins: chargebacks, duplicate payments, amount mismatch, payments for unknown/deleted catalogs, 'Razorpay webhooks may be disabled'.",Seen only when such a case happens.,Admin receives it; owners never do.,Feed,❌,❌,❌,❌,✅,❌,❌,❌,❌,APK · Web,,,,,,,,
119,REP-01,16. Sales rep area,My restaurants,"Restaurants this rep may act on, each marked 'Menu live' or 'Not published yet', with 'Show the QR code'.",Open as a rep with 2 activated restaurants.,Both listed with the right status.,Profile → My restaurants,❌,❌,❌,❌,✅,✅,✅,❌,❌,APK · Web,,,,,,,,
120,REP-02,16. Sales rep area,Activate a standee,Scan the standee QR or type its 8-character code → check → restaurant name + owner's phone (the owner signs in and pays with it) → confirm → 'This standee is live'. Can also activate as a new branch of an existing restaurant.,Activate an unused test code with a test phone number.,Restaurant created and linked to the code; owner can sign in with that phone. Used/foreign codes give clear errors.,My restaurants → Activate a standee,❌,❌,❌,❌,✅,✅,✅,❌,❌,APK · Web,,Standee assignment to reps is advisory - any rep can activate any free code (by design).,,,,,,
121,REP-03,16. Sales rep area,Scan the standee (camera),Reads the code from the standee's QR.,Scan a printed standee.,Code fills in. No camera → 'Type the code instead'.,Activate → Scan the code,❌,❌,❌,❌,✅,✅,✅,❌,❌,APK · Web,,,,,,,,
122,REP-04,16. Sales rep area,My standees,"Standees an admin assigned to you, ready to activate, each with 'Save a printable standee'.",Admin assigns 2 codes → rep opens My standees.,Both listed; PDF saves.,Profile → My standees,❌,❌,❌,❌,✅,✅,✅,❌,❌,APK · Web,,,,,,,,
123,REP-05,16. Sales rep area,Restaurant menu (dishes),"Dishes list with drag reorder, status (Draft / Everything is live), Add a dish, Categories, Restaurant details, Import menu, Weekly reports, Preview, Publish.",Open a restaurant and use each entry.,All entries open; order saves.,My restaurants → a restaurant,❌,❌,❌,❌,✅,✅,✅,❌,❌,APK · Web,,,,,,,,
124,REP-06,16. Sales rep area,Add a dish (capture now / finished capture / image),"Three ways: 'Capture now' (6 photos; the 3D builds on its own and the dish becomes 3D later), from a finished capture, or image only.",Add one dish each way.,Image dish appears at once; 'Capture now' dish shows photo first and turns 3D when the model is ready (same public entry).,Restaurant → Add a dish,❌,❌,❌,❌,✅,✅,✅,❌,❌,APK · Web (web uses a simple 6-photo camera),,,,,,,,
125,REP-07,16. Sales rep area,Edit a dish with live preview,"Name, price, description, section, veg/non-veg, available today, replace photo - with 'What a customer will see' preview.",Edit a dish → Save dish.,'Dish saved. Publish the menu…'.,Restaurant → tap a dish,❌,❌,❌,❌,✅,✅,✅,❌,❌,APK · Web,,,,,,,,
126,REP-08,16. Sales rep area,Rep publish (before payment),"Same checklist and progress as the owner. An unpaid restaurant goes live with a 7-day pay-by window; the public page shows a payment-due banner, and switches OFF if not paid in time.","Publish a new unpaid restaurant, scan its standee.",Menu is live with the banner; owner gets 'Your menu is live — payment due'.,Restaurant → Publish the menu,❌,❌,❌,❌,✅,✅,✅,❌,❌,APK · Web,,,,,,,,
127,REP-09,16. Sales rep area,"Subscription card: trial, cash, notify owner","Start free trial (once per restaurant), Record cash payment (amount, method, reference → admin verifies), Notify owner to pay (SMS + in-app, with a cool-down).",Try each action on a test restaurant.,Trial starts; cash shows 'awaiting admin verification'; notify shows 'Sent… again in …'.,Restaurant → Subscription card,❌,❌,❌,❌,✅,✅,✅,❌,❌,APK · Web,,,,,,,,
128,REP-10,16. Sales rep area,Restaurant QR,"The same QR the owner sees, viewable and saveable.",Open QR on a live restaurant.,Same code as the owner's.,My restaurants → Show the QR code,❌,❌,❌,❌,✅,✅,✅,❌,❌,APK · Web,,,,,,,,
129,REP-11,16. Sales rep area,Published standees (history),"Restaurants this rep put live, by period. Admin sees every staff member's ('Put live by …').",Pick a period.,List with counts; admin sees all reps.,Profile → Published standees,❌,❌,❌,❌,✅,✅,✅,❌,❌,APK · Web,,,,,,,,
130,REP-12,16. Sales rep area,Rep access ends,"If access is removed, screens say 'This restaurant is no longer assigned to you'.","Remove a rep's access, then open the restaurant.","Clear message, no crash.",Any rep restaurant screen,❌,❌,❌,❌,✅,✅,✅,❌,❌,APK · Web,,,,,,,,
131,ART-01,17. Model Artist / staff tools,Live projects list,"Finished uploads from ALL users, with owner, 'Updated …', and actions.",Open the tab.,Projects from other users appear.,Home → Live projects,❌,❌,❌,❌,✅,✅,❌,❌,❌,APK · Web,,,,,,,,
132,ART-02,17. Model Artist / staff tools,Project owner details,"Owner's name, phone, email, role and member since, with copy buttons.",Tap the owner line.,Details sheet opens.,Live project → Created by,❌,❌,❌,❌,✅,✅,❌,❌,❌,APK · Web,,,,,,,,
133,ART-03,17. Model Artist / staff tools,Upload photos project,Create a project from 3–48 gallery photos instead of capturing.,Pick 10 photos → Upload.,Project created and uploads.,+ → Upload photos,❌,❌,❌,❌,✅,✅,❌,❌,❌,APK · Web,,,,,,,,
134,ART-04,17. Model Artist / staff tools,Preview gallery,"Browse every photo of a project, download single photos; delete a photo (Admin only).","Open Preview, swipe, download one.",Photos load; delete is not offered to Artist.,Live project → Preview,❌,❌,❌,❌,✅,✅,❌,❌,❌,APK · Web,,,,,,,,
135,ART-05,17. Model Artist / staff tools,Select photos → Create Model,Hand-pick 3–4 photos and start a model build.,Select 4 → Create Model.,Build starts and shows the selection trace.,Preview → Select photos → Create Model,❌,❌,❌,❌,✅,✅,❌,❌,❌,APK · Web,,,,,,,,
136,ART-06,17. Model Artist / staff tools,Export project files,Download links for all of a project's files (time-limited).,Tap Export.,'Export ready — N files'; links expire.,Live project → Export,❌,❌,❌,❌,✅,✅,❌,❌,❌,APK · Web,,,,,,,,
137,ART-07,17. Model Artist / staff tools,Staff model history & approve,Every generation with its trace; 'Approve this model'; Optimize; Export.,Approve a model.,'Approved — no manual model needed'.,Live project → Models,❌,❌,❌,❌,✅,✅,❌,❌,❌,APK · Web,,,,,,,,
138,ART-08,17. Model Artist / staff tools,Submit model (.glb),Upload a hand-made .glb to a project you do not own; the owner sees it in their Models.,Choose a .glb → submit.,'Model submitted'; owner sees it.,Live project → Submit model,❌,❌,❌,❌,✅,✅,❌,❌,❌,APK · Web,,,,,,,,
139,ART-09,17. Model Artist / staff tools,Delete a user's project,"Soft delete (team can restore) or permanent delete, typing the name.",Delete a test project.,Project removed from the list.,Live project → Delete project,❌,❌,❌,❌,✅,❌,❌,❌,❌,APK · Web,,,,,,,,
140,ADM-01,18. Admin area,Standee inventory: mint a batch,"Create a run of permanent QR codes with a label, count and optional rep to assign them to.",Mint 5 codes labelled 'Test run'.,Batch listed with 5 codes.,Profile → Standee inventory → Mint a batch,❌,❌,❌,❌,✅,❌,❌,❌,❌,APK · Web,,Codes are permanent - print and scan a couple first.,,,,,,
141,ADM-02,18. Admin area,"Batch: assign, return, download","Assign the whole batch or one standee to a rep, reassign, return all to stock, download printable standee sheets (copies per page), download print-vendor CSV.",Assign one code to a rep; download sheets.,Rep sees it in My standees; PDF/CSV download.,Standee inventory → a batch,❌,❌,❌,❌,✅,❌,❌,❌,❌,APK · Web,,,,,,,,
142,ADM-03,18. Admin area,Standee → restaurant,For a used code: the restaurant's QR and who activated it.,Open a used code.,Shows the restaurant and the rep.,Batch → Show the restaurant this standee activated,❌,❌,❌,❌,✅,❌,❌,❌,❌,APK · Web,,,,,,,,
143,ADM-04,18. Admin area,Subscriptions: Plans tab,"All restaurants with filters (Pending, All, Expiring 7d, In grace, Paused, Paused 90d+, Trial) and search by restaurant, owner, phone (last 4+) or email.",Use each filter and a search.,Lists and empty states are correct; chips fit on mobile.,Subscriptions → Plans,❌,❌,❌,❌,✅,❌,❌,❌,❌,APK · Web,,,,,,,,
144,ADM-05,18. Admin area,Subscriptions: Cash tab,Cash payments recorded by reps waiting for verification; approve or reject (reason needed).,Rep records cash → admin approves.,Plan activates; rep and owner notified.,Subscriptions → Cash,❌,❌,❌,❌,✅,❌,❌,❌,❌,APK · Web,,,,,,,,
145,ADM-06,18. Admin area,Payments journal,"Every online payment attempt: Needs attention, All, Succeeded, Not completed. Find by order_… or pay_… id.","Make a test payment, find it by id.",Attempt found with its steps.,Subscriptions → Payments,❌,❌,❌,❌,✅,❌,❌,❌,❌,APK · Web,,,,,,,,
146,ADM-07,18. Admin area,Payment attempt detail & fixes,"Step-by-step journal (started → Razorpay → recorded → applied → catalog), 'Check with Razorpay', 'Apply to catalog' when money arrived but the plan did not, Capture, Refund duplicate.",Open a stuck attempt → Check with Razorpay → Apply.,'Applied — the plan is active on the catalog.',Payments → an attempt,❌,❌,❌,❌,✅,❌,❌,❌,❌,APK · Web,,,,,,,,
147,ADM-08,18. Admin area,Restaurant subscription panel,"Start plan (manual payment), start trial, Comp until a date, Extend grace, standee allowance, Resync page / Resync 3D, ledger and online payments, refunds.","On a test restaurant: Start plan, then Extend grace.",Status updates and the owner is notified.,Subscriptions → a restaurant,❌,❌,❌,❌,✅,❌,❌,❌,❌,APK · Web,,Production to-do: remove the 'Comp until' option and make 'All' the default filter (learn.txt).,,,,,,
148,MENU-01,19. Public menu - what customers see (Mirage),Scan QR → menu,The printed QR opens the restaurant's menu page.,Scan a live restaurant's QR.,Menu opens fast on a phone browser.,Phone camera,❌,❌,❌,❌,❌,❌,❌,❌,✅,Any phone browser,,,,,,,,
149,MENU-02,19. Public menu - what customers see (Mirage),Not-live standee page,An unassigned standee or offline catalog shows a 'not live yet' page instead of an error.,Scan a fresh minted code.,Friendly 'not live' page.,Scan an unused / offline code,❌,❌,❌,❌,❌,❌,❌,❌,✅,Any phone browser,,,,,,,,
150,MENU-03,19. Public menu - what customers see (Mirage),"Theme, cover, layout, fonts",The restaurant's own look as published.,"Change theme in the app, publish, reload.","New look, no flash of the old one.",Menu page,❌,❌,❌,❌,❌,❌,❌,❌,✅,Any phone browser,,,,,,,,
151,MENU-04,19. Public menu - what customers see (Mirage),"Open now, announcement, timed sections","'Open · closes 11 pm' chip and weekly table, announcement strip, sections hidden/greyed outside their hours (India time).",Check at different times of day.,Matches the hours set in the app.,Menu page top,❌,❌,❌,❌,❌,❌,❌,❌,✅,Any phone browser,,,,,,,,
152,MENU-05,19. Public menu - what customers see (Mirage),Dish card & details,"Photo or 3D, price, veg mark, badges, diet & allergens, spice, serves, prep time, pairings.",Open a fully filled dish.,All filled fields show; empty ones are hidden.,Menu → a dish,❌,❌,❌,❌,❌,❌,❌,❌,✅,Any phone browser,,,,,,,,
153,MENU-06,19. Public menu - what customers see (Mirage),3D view & AR,"Spin the dish in 3D and place it on the table (AR-capable phones), with restaurant branding.",Android and iPhone.,Android: AR placement. iPhone: currently the 3D viewer (room placement not yet served).,Dish → View in AR,❌,❌,❌,❌,❌,❌,❌,❌,✅,Phone browser,,,,,,,,
154,MENU-07,19. Public menu - what customers see (Mirage),Search & diet filters,Search dishes; filter Veg only / Jain / Vegan / Gluten-free / No nuts.,Search and filter.,Correct dishes shown.,Menu top,❌,❌,❌,❌,❌,❌,❌,❌,✅,Any phone browser,,,,,,,,
155,MENU-08,19. Public menu - what customers see (Mirage),Language switcher,Switch the menu into the extra languages; untranslated text shows in the main language.,Switch to Hindi.,Translated names/sections.,Menu top,❌,❌,❌,❌,❌,❌,❌,❌,✅,Any phone browser,,,,,,,,
156,MENU-09,19. Public menu - what customers see (Mirage),Spotlight & offers,"Spotlight carousel; offer strip, Offers pill and struck-through prices during offer windows.",Open during a happy hour.,"Offer prices shown, minute-accurate.",Menu top,❌,❌,❌,❌,❌,❌,❌,❌,✅,Any phone browser,,,,,,,,
157,MENU-10,19. Public menu - what customers see (Mirage),My plate,"Build a plate, see the total, 'Show to waiter' (big text) or send on WhatsApp; table number comes from the QR (?t=). Clears after 4 hours.",Add 3 dishes → Show to waiter.,Clean list with total.,Menu → + on dishes,❌,❌,❌,❌,❌,❌,❌,❌,✅,Any phone browser,,,,,,,,
158,MENU-11,19. Public menu - what customers see (Mirage),Customer buttons,"Rate us, Order on WhatsApp, Call waiter, Wi-Fi, Feedback form (one per visitor per day).",Try each.,Each works; feedback appears in the owner's Analytics.,Menu,❌,❌,❌,❌,❌,❌,❌,❌,✅,Any phone browser,,,,,,,,
159,MENU-12,19. Public menu - what customers see (Mirage),Google review prompt,'Enjoyed your meal? Rate us on Google' - asked once a month after 15 minutes; never filters by star rating.,Stay on the menu 15 min.,Prompt appears once.,"Menu, after some time",❌,❌,❌,❌,❌,❌,❌,❌,✅,Any phone browser,,,,,,,,
160,MENU-13,19. Public menu - what customers see (Mirage),Join for offers (sign-up),Name + number with an unticked consent box; opt-out later.,Join with a test number.,Appears in the owner's Customers list.,Menu → sign-up card,❌,❌,❌,❌,❌,❌,❌,❌,✅,Any phone browser,,,,,,,,
161,MENU-14,19. Public menu - what customers see (Mirage),Order online / Book a table,Zomato / Swiggy chips and Book a table button.,Tap each.,Opens the right page.,Menu,❌,❌,❌,❌,❌,❌,❌,❌,✅,Any phone browser,,,,,,,,
162,MENU-15,19. Public menu - what customers see (Mirage),Payment-due banner / page switched off,For a rep-published unpaid restaurant: a banner addressed to the owner; after the deadline the whole page is switched off.,Use a test restaurant in pending payment.,"Banner shows (no prices / 'unpaid' wording); after deadline, page off.",Menu,❌,❌,❌,❌,❌,❌,❌,❌,✅,Any phone browser,,,,,,,,
163,MENU-16,19. Public menu - what customers see (Mirage),Menu web address,MasterChef restaurants' easy address opens the same menu.,Open the address.,Same menu as the QR.,yourname.<menu domain>,❌,❌,❌,❌,❌,❌,❌,❌,✅,Any browser,,,,,,,,
